{"FPR": [0.0, 0.0, 0.0, 0.0, 0.0, 0.0, 0.0, 0.0, 0.0125, 0.0125, 0.025, 0.025, 0.0375, 0.0375, 0.05, 0.05, 0.05, 0.075, 0.075, 0.1125, 0.1125, 0.15, 0.175, 0.175, 0.2125, 0.2125, 0.225, 0.2375, 0.2375, 0.25, 0.25, 0.2625, 0.2625, 0.2875, 0.3, 0.3125, 0.3125, 0.375, 0.4, 0.425, 0.4375, 0.475, 0.4875, 0.5, 0.5125, 0.55, 0.575, 0.6, 0.6125, 0.7625, 0.775, 0.775, 0.7875, 0.8125, 0.875, 0.925, 0.9625, 0.9875, 1.0], "TPR": [0.0, 0.015873015873015872, 0.047619047619047616, 0.09523809523809523, 0.12698412698412698, 0.14285714285714285, 0.19047619047619047, 0.25396825396825395, 0.2857142857142857, 0.30158730158730157, 0.30158730158730157, 0.4444444444444444, 0.4444444444444444, 0.47619047619047616, 0.49206349206349204, 0.5079365079365079, 0.5555555555555556, 0.5873015873015873, 0.6031746031746031, 0.6031746031746031, 0.6190476190476191, 0.6190476190476191, 0.6190476190476191, 0.6507936507936508, 0.6507936507936508, 0.6984126984126984, 0.7301587301587301, 0.7301587301587301, 0.746031746031746, 0.746031746031746, 0.7777777777777778, 0.7777777777777778, 0.7936507936507936, 0.7936507936507936, 0.8095238095238095, 0.8095238095238095, 0.8253968253968254, 0.8253968253968254, 0.8253968253968254, 0.8253968253968254, 0.8253968253968254, 0.8253968253968254, 0.8253968253968254, 0.8412698412698413, 0.8412698412698413, 0.873015873015873, 0.873015873015873, 0.8888888888888888, 0.8888888888888888, 0.9047619047619048, 0.9047619047619048, 0.9206349206349206, 0.9206349206349206, 0.9206349206349206, 0.9682539682539683, 0.9841269841269841, 0.9841269841269841, 1.0, 1.0], "y_test": [1, 1, 0, 1, 0, 1, 1, 1, 0, 1, 0, 0, 0, 0, 0, 0, 1, 1, 1, 1, 0, 1, 1, 0, 0, 0, 0, 1, 0, 1, 1, 0, 0, 0, 0, 0, 0, 0, 1, 1, 1, 1, 0, 0, 0, 1, 0, 0, 0, 0, 0, 1, 0, 0, 0, 1, 1, 1, 0, 0, 1, 0, 0, 1, 0, 0, 0, 0, 1, 0, 1, 1, 0, 0, 0, 0, 0, 0, 1, 1, 1, 1, 1, 1, 0, 0, 1, 1, 0, 1, 0, 0, 0, 0, 0, 1, 1, 0, 1, 0, 1, 0, 1, 0, 0, 0, 1, 0, 0, 0, 1, 1, 0, 1, 1, 0, 0, 0, 1, 0, 1, 1, 1, 1, 0, 1, 1, 1, 0, 1, 1, 0, 0, 0, 0, 0, 0, 1, 0, 1, 0, 1, 1], "predictions": [1, 1, 0, 1, 0, 0, 1, 1, 0, 1, 0, 0, 0, 0, 1, 0, 1, 0, 1, 1, 0, 1, 1, 0, 0, 1, 0, 1, 0, 0, 1, 0, 0, 0, 0, 0, 0, 1, 1, 0, 0, 0, 0, 0, 0, 0, 0, 0, 0, 0, 0, 0, 1, 0, 0, 1, 0, 0, 0, 0, 0, 0, 0, 1, 0, 0, 0, 0, 1, 0, 0, 0, 0, 0, 0, 0, 0, 0, 0, 1, 0, 1, 1, 0, 0, 0, 0, 1, 0, 1, 0, 0, 0, 1, 0, 1, 1, 0, 1, 1, 1, 0, 1, 0, 0, 0, 0, 0, 0, 0, 0, 1, 0, 0, 0, 0, 0, 0, 1, 1, 0, 1, 1, 1, 1, 1, 0, 1, 0, 1, 1, 0, 0, 0, 0, 0, 0, 0, 1, 1, 0, 1, 0]}